	Condition	NÂ° variables	Time	Status
0	PrimaryTumor_StageIIIA_1	14274	206.68254160881042	Solve_Succeeded
1	PrimaryTumor_StageIIIA_2	14274	232.66768074035645	Solve_Succeeded
2	PrimaryTumor_StageIA_3	14274	225.845538854599	Solve_Succeeded
3	PrimaryTumor_StageI_4	14274	221.6332128047943	Solve_Succeeded
4	PrimaryTumor_StageIIB_5	14274	251.7217297554016	Solve_Succeeded
5	PrimaryTumor_StageIV_6	14274	241.7417311668396	Solve_Succeeded
6	PrimaryTumor_StageIIB_7	14274	232.5950412750244	Solve_Succeeded
7	PrimaryTumor_StageIIA_8	14274	232.98594403266907	Solve_Succeeded
8	Metastatic_StageIIIC_9	14274	226.80752539634705	Solve_Succeeded
9	PrimaryTumor_StageIIB_10	14274	226.4266438484192	Solve_Succeeded
10	PrimaryTumor_StageIIIC_11	14274	224.2901840209961	Solve_Succeeded
11	PrimaryTumor_StageIIIB_12	14274	229.80256915092468	Solve_Succeeded
12	PrimaryTumor_StageIB_13	14274	225.1840217113495	Solve_Succeeded
13	PrimaryTumor_StageIIB_14	14274	261.6341223716736	Maximum_Iterations_Exceeded
14	PrimaryTumor_StageIIA_15	14274	224.11861753463745	Solve_Succeeded
15	PrimaryTumor_StageIIB_16	14274	250.46890592575073	Solve_Succeeded
16	PrimaryTumor_StageIIA_17	14274	230.19419527053833	Solve_Succeeded
17	PrimaryTumor_StageIIA_18	14274	227.7357692718506	Solve_Succeeded
18	PrimaryTumor_StageIIIB_19	14274	223.3515911102295	Solve_Succeeded
19	PrimaryTumor_StageX_20	14274	228.20875573158264	Solve_Succeeded
20	PrimaryTumor_StageIIIA_21	14274	240.7898964881897	Solve_Succeeded
21	PrimaryTumor_StageIIA_22	14274	259.35126852989197	Solved_To_Acceptable_Level
22	PrimaryTumor_StageIA_23	14274	244.77972626686096	Solve_Succeeded
23	PrimaryTumor_StageIIA_24	14274	242.06152510643005	Solve_Succeeded
24	PrimaryTumor_StageI_25	14274	250.39620447158813	Solve_Succeeded
25	PrimaryTumor_StageIIIA_26	14274	233.3863673210144	Solve_Succeeded
26	PrimaryTumor_StageIIA_27	14274	233.24215865135193	Solve_Succeeded
27	PrimaryTumor_StageIIA_28	14274	242.14569973945618	Solve_Succeeded
28	PrimaryTumor_StageIIA_29	14274	224.5841085910797	Solve_Succeeded
29	SolidTissueNormal_StageIIA_30	14274	243.60555911064148	Solve_Succeeded
30	PrimaryTumor_StageIIIC_31	14274	253.74435901641846	Solve_Succeeded
31	PrimaryTumor_StageIIB_32	14274	223.13022446632385	Solve_Succeeded
32	PrimaryTumor_StageIA_33	14274	233.706196308136	Solve_Succeeded
33	PrimaryTumor_StageIA_34	14274	235.41552186012268	Solve_Succeeded
34	PrimaryTumor_StageIIIC_35	14274	227.86900115013123	Solve_Succeeded
35	PrimaryTumor_StageIIA_36	14274	237.9687476158142	Solved_To_Acceptable_Level
36	PrimaryTumor_StageIIB_37	14274	229.59201574325562	Solve_Succeeded
37	SolidTissueNormal_StageIIIC_38	14274	239.03459572792053	Solve_Succeeded
38	PrimaryTumor_StageIIB_39	14274	235.88509154319763	Solve_Succeeded
39	PrimaryTumor_StageIA_40	14274	228.1677098274231	Solve_Succeeded
40	PrimaryTumor_StageIIA_41	14274	227.77423763275146	Solve_Succeeded
41	PrimaryTumor_StageIIIC_42	14274	236.3886525630951	Solve_Succeeded
42	PrimaryTumor_StageIIIB_43	14274	255.03440928459167	Solve_Succeeded
43	PrimaryTumor_StageI_44	14274	237.37506103515625	Solve_Succeeded
44	PrimaryTumor_StageIIA_45	14274	259.1112461090088	Solve_Succeeded
45	PrimaryTumor_StageIIA_46	14274	232.0749704837799	Solve_Succeeded
46	PrimaryTumor_StageII_47	14274	231.2420997619629	Solve_Succeeded
47	PrimaryTumor_StageIA_48	14274	219.26107621192932	Solve_Succeeded
48	PrimaryTumor_StageIIIA_49	14274	247.0425319671631	Solve_Succeeded
49	PrimaryTumor_StageI_50	14274	247.58657002449036	Solve_Succeeded
50	PrimaryTumor_StageIA_51	14274	245.60166668891907	Solve_Succeeded
51	PrimaryTumor_StageIIA_52	14274	230.8579981327057	Solve_Succeeded
52	PrimaryTumor_StageIIIB_53	14274	224.12031435966492	Solve_Succeeded
53	PrimaryTumor_StageIIA_54	14274	221.47982215881348	Solve_Succeeded
54	PrimaryTumor_StageIIIA_55	14274	226.155131816864	Solve_Succeeded
55	SolidTissueNormal_StageIIB_56	14274	224.77068376541138	Solve_Succeeded
56	PrimaryTumor_StageIIIA_57	14274	233.09877705574036	Solve_Succeeded
57	PrimaryTumor_StageIIB_58	14274	213.70251441001892	Solve_Succeeded
58	PrimaryTumor_StageIIB_59	14274	230.8641722202301	Solve_Succeeded
59	PrimaryTumor_StageIIA_60	14274	214.44918131828308	Solve_Succeeded
60	PrimaryTumor_StageI_61	14274	222.7190661430359	Solve_Succeeded
61	PrimaryTumor_StageIIIA_62	14274	231.76379251480103	Solve_Succeeded
62	PrimaryTumor_StageIIB_63	14274	223.2130515575409	Solve_Succeeded
63	PrimaryTumor_StageIIA_64	14274	240.99575281143188	Solve_Succeeded
64	PrimaryTumor_StageIIB_65	14274	225.9087188243866	Solve_Succeeded
65	PrimaryTumor_StageIIIA_66	14274	232.7890167236328	Solve_Succeeded
66	PrimaryTumor_StageIIA_67	14274	222.12884831428528	Solve_Succeeded
67	PrimaryTumor_StageNA_68	14274	234.93772101402283	Solve_Succeeded
68	PrimaryTumor_StageIIA_69	14274	224.3410210609436	Solve_Succeeded
69	PrimaryTumor_StageIIIA_70	14274	221.92148303985596	Solve_Succeeded
70	PrimaryTumor_StageIA_71	14274	231.0560963153839	Solve_Succeeded
71	PrimaryTumor_StageIIA_72	14274	220.64267492294312	Solve_Succeeded
72	PrimaryTumor_StageIIIA_73	14274	226.9899079799652	Solve_Succeeded
73	PrimaryTumor_StageIIB_74	14274	218.2676329612732	Solve_Succeeded
74	PrimaryTumor_StageIIB_75	14274	245.99825811386108	Solve_Succeeded
75	PrimaryTumor_StageIIB_76	14274	238.21933221817017	Solve_Succeeded
76	SolidTissueNormal_StageIIIA_77	14274	238.9766173362732	Solve_Succeeded
77	SolidTissueNormal_StageIIB_78	14274	263.10718536376953	Solved_To_Acceptable_Level
78	PrimaryTumor_StageIIA_79	14274	226.09592175483704	Solve_Succeeded
79	PrimaryTumor_StageIIA_80	14274	224.74154901504517	Solve_Succeeded
80	PrimaryTumor_StageIIIA_81	14274	245.0682806968689	Solve_Succeeded
81	PrimaryTumor_StageIIIA_82	14274	265.6362841129303	Solved_To_Acceptable_Level
82	PrimaryTumor_StageIIA_83	14274	230.9446771144867	Solve_Succeeded
83	PrimaryTumor_StageI_84	14274	226.54142427444458	Solve_Succeeded
84	SolidTissueNormal_StageI_85	14274	232.85378766059875	Solve_Succeeded
85	PrimaryTumor_StageIIA_86	14274	261.4875113964081	Solved_To_Acceptable_Level
86	PrimaryTumor_StageIIIC_87	14274	243.11829280853271	Solve_Succeeded
87	PrimaryTumor_StageIIA_88	14274	224.45048713684082	Solve_Succeeded
88	PrimaryTumor_StageIA_89	14274	227.4904909133911	Solve_Succeeded
89	PrimaryTumor_StageIIB_90	14274	233.68254494667053	Solve_Succeeded
90	PrimaryTumor_StageIIB_91	14274	231.22375082969666	Solve_Succeeded
91	PrimaryTumor_StageIA_92	14274	236.50148248672485	Solve_Succeeded
92	PrimaryTumor_StageIIB_93	14274	254.94048404693604	Solve_Succeeded
93	PrimaryTumor_StageIIB_94	14274	248.9282088279724	Solve_Succeeded
94	PrimaryTumor_StageIIA_95	14274	246.03155779838562	Solve_Succeeded
95	PrimaryTumor_StageX_96	14274	240.4635591506958	Solve_Succeeded
96	PrimaryTumor_StageIIB_97	14274	257.76304626464844	Solve_Succeeded
97	PrimaryTumor_StageIIB_98	14274	299.81062388420105	Maximum_Iterations_Exceeded
98	PrimaryTumor_StageIIA_99	14274	272.6091568470001	Solve_Succeeded
99	PrimaryTumor_StageIIA_100	14274	241.8451452255249	Solve_Succeeded
100	PrimaryTumor_StageIIA_101	14274	256.579904794693	Solve_Succeeded
101	PrimaryTumor_StageIIIA_102	14274	260.3154766559601	Solve_Succeeded
102	PrimaryTumor_StageI_103	14274	250.1668016910553	Solve_Succeeded
103	PrimaryTumor_StageIIIA_104	14274	255.38629293441772	Solve_Succeeded
104	PrimaryTumor_StageIIA_105	14274	253.2853820323944	Solve_Succeeded
105	PrimaryTumor_StageIIIA_106	14274	247.09196376800537	Solve_Succeeded
106	PrimaryTumor_StageIIIA_107	14274	263.8969531059265	Solve_Succeeded
107	PrimaryTumor_StageIIB_108	14274	258.48763513565063	Solve_Succeeded
108	PrimaryTumor_StageIIA_109	14274	253.15817427635193	Solve_Succeeded
109	PrimaryTumor_StageIIB_110	14274	260.0733699798584	Solve_Succeeded
110	PrimaryTumor_StageIIB_111	14274	267.7866544723511	Solve_Succeeded
111	PrimaryTumor_StageIIA_112	14274	250.1631920337677	Solve_Succeeded
112	PrimaryTumor_StageIIA_113	14274	256.80832386016846	Solve_Succeeded
113	SolidTissueNormal_StageIIA_114	14274	255.90561509132385	Solve_Succeeded
114	PrimaryTumor_StageIIA_115	14274	242.46443367004395	Solve_Succeeded
115	PrimaryTumor_StageIA_116	14274	255.9989686012268	Solve_Succeeded
116	PrimaryTumor_StageIIIA_117	14274	254.59136486053467	Solve_Succeeded
117	PrimaryTumor_StageIIB_118	14274	259.6969060897827	Solve_Succeeded
118	PrimaryTumor_StageIIB_119	14274	236.5013415813446	Solve_Succeeded
119	PrimaryTumor_StageIIA_120	14274	293.9366343021393	Solve_Succeeded
120	PrimaryTumor_StageIIA_121	14274	254.13093876838684	Solve_Succeeded
121	PrimaryTumor_StageIIA_122	14274	253.8478446006775	Solve_Succeeded
122	PrimaryTumor_StageIIB_123	14274	242.34483671188354	Solve_Succeeded
123	PrimaryTumor_StageIIIC_124	14274	260.3232102394104	Solve_Succeeded
124	PrimaryTumor_StageIIB_125	14274	259.6953020095825	Solve_Succeeded
125	PrimaryTumor_StageIIA_126	14274	258.1805877685547	Solve_Succeeded
126	PrimaryTumor_StageIIB_127	14274	250.5118772983551	Solve_Succeeded
127	PrimaryTumor_StageIIB_128	14274	248.74040150642395	Solve_Succeeded
128	PrimaryTumor_StageIIB_129	14274	260.3392143249512	Solve_Succeeded
129	PrimaryTumor_StageIIIA_130	14274	264.58121967315674	Solve_Succeeded
130	PrimaryTumor_StageIIB_131	14274	254.95535016059875	Solve_Succeeded
131	PrimaryTumor_StageIIIA_132	14274	264.1319704055786	Solve_Succeeded
132	PrimaryTumor_StageIIB_133	14274	276.4203622341156	Solve_Succeeded
133	PrimaryTumor_StageIIA_134	14274	264.6540832519531	Solve_Succeeded
134	PrimaryTumor_StageNA_135	14274	259.81371426582336	Solve_Succeeded
135	PrimaryTumor_StageIIIA_136	14274	253.7569968700409	Solve_Succeeded
136	PrimaryTumor_StageIIA_137	14274	249.08637690544128	Solve_Succeeded
137	SolidTissueNormal_StageIIA_138	14274	264.6007776260376	Solve_Succeeded
138	PrimaryTumor_StageIIB_139	14274	249.87742137908936	Solve_Succeeded
139	PrimaryTumor_StageI_140	14274	261.3842134475708	Solve_Succeeded
140	PrimaryTumor_StageIIA_141	14274	251.684396982193	Solve_Succeeded
141	PrimaryTumor_StageI_142	14274	258.1340036392212	Solve_Succeeded
142	PrimaryTumor_StageIIB_143	14274	266.3369700908661	Solve_Succeeded
143	PrimaryTumor_StageIIA_144	14274	260.976380109787	Solve_Succeeded
144	SolidTissueNormal_StageIIIC_145	14274	244.3923304080963	Solve_Succeeded
145	SolidTissueNormal_StageIIB_146	14274	262.2450375556946	Solve_Succeeded
146	PrimaryTumor_StageIIIA_147	14274	255.42142796516418	Solve_Succeeded
147	PrimaryTumor_StageIIB_148	14274	256.0651648044586	Solve_Succeeded
148	PrimaryTumor_StageIIB_149	14274	250.8113489151001	Solve_Succeeded
149	PrimaryTumor_StageIIA_150	14274	253.64839243888855	Solve_Succeeded
150	SolidTissueNormal_StageIIIA_151	14274	255.67437291145325	Solve_Succeeded
151	SolidTissueNormal_StageIA_152	14274	263.7000970840454	Solve_Succeeded
152	PrimaryTumor_StageIIIA_153	14274	241.86473107337952	Solve_Succeeded
153	SolidTissueNormal_StageI_154	14274	265.8356873989105	Solve_Succeeded
154	PrimaryTumor_StageIIA_155	14274	250.46301412582397	Solve_Succeeded
155	PrimaryTumor_StageIIB_156	14274	266.62493419647217	Solve_Succeeded
156	PrimaryTumor_StageIIB_157	14274	254.7786090373993	Solve_Succeeded
157	PrimaryTumor_StageIIA_158	14274	264.8002779483795	Solve_Succeeded
158	PrimaryTumor_StageIIIA_159	14274	261.46376514434814	Solve_Succeeded
159	PrimaryTumor_StageIA_160	14274	254.98970651626587	Solve_Succeeded
160	PrimaryTumor_StageIIA_161	14274	252.1310396194458	Solve_Succeeded
161	PrimaryTumor_StageIIB_162	14274	259.4544246196747	Solve_Succeeded
162	PrimaryTumor_StageIIA_163	14274	251.37299823760986	Solve_Succeeded
163	SolidTissueNormal_StageI_164	14274	288.18506026268005	Solve_Succeeded
164	SolidTissueNormal_StageIIA_165	14274	265.63669991493225	Solve_Succeeded
165	PrimaryTumor_StageIIB_166	14274	255.01044416427612	Solve_Succeeded
166	PrimaryTumor_StageIA_167	14274	274.17956018447876	Solve_Succeeded
167	PrimaryTumor_StageIIA_168	14274	267.6502914428711	Solve_Succeeded
168	PrimaryTumor_StageIIA_169	14274	265.4053304195404	Solve_Succeeded
169	PrimaryTumor_StageIA_170	14274	261.16622710227966	Solve_Succeeded
170	SolidTissueNormal_StageIA_171	14274	281.321053981781	Solve_Succeeded
171	PrimaryTumor_StageIIB_172	14274	264.7118909358978	Solved_To_Acceptable_Level
172	SolidTissueNormal_StageIIB_173	14274	252.1670377254486	Solve_Succeeded
173	PrimaryTumor_StageIIIA_174	14274	257.21443724632263	Solve_Succeeded
174	PrimaryTumor_StageIIB_175	14274	267.64305448532104	Solve_Succeeded
175	PrimaryTumor_StageIIA_176	14274	255.63371419906616	Solve_Succeeded
176	PrimaryTumor_StageIIA_177	14274	279.9582505226135	Solved_To_Acceptable_Level
177	PrimaryTumor_StageIB_178	14274	252.96946573257446	Solve_Succeeded
178	PrimaryTumor_StageIA_179	14274	253.02894735336304	Solve_Succeeded
179	PrimaryTumor_StageIIIA_180	14274	263.13712763786316	Solve_Succeeded
180	PrimaryTumor_StageIB_181	14274	261.8151240348816	Solve_Succeeded
181	PrimaryTumor_StageIIB_182	14274	259.22811794281006	Solve_Succeeded
182	PrimaryTumor_StageI_183	14274	299.6450002193451	Solve_Succeeded
183	PrimaryTumor_StageIV_184	14274	271.0410213470459	Solve_Succeeded
184	PrimaryTumor_StageIIA_185	14274	267.34847140312195	Solve_Succeeded
185	PrimaryTumor_StageIIIA_186	14274	297.294890165329	Solved_To_Acceptable_Level
186	PrimaryTumor_StageI_187	14274	254.33870124816895	Solve_Succeeded
187	PrimaryTumor_StageIIA_188	14274	267.0167224407196	Solve_Succeeded
188	SolidTissueNormal_StageIIA_189	14274	261.7227420806885	Solved_To_Acceptable_Level
189	PrimaryTumor_StageIIB_190	14274	255.82513236999512	Solve_Succeeded
190	PrimaryTumor_StageIIIA_191	14274	246.66803574562073	Solve_Succeeded
191	SolidTissueNormal_StageIIB_192	14274	270.4303848743439	Solve_Succeeded
192	PrimaryTumor_StageIIIA_193	14274	294.5472333431244	Solved_To_Acceptable_Level
193	PrimaryTumor_StageIIIA_194	14274	250.08246302604675	Solve_Succeeded
194	PrimaryTumor_StageIIB_195	14274	261.2038450241089	Solve_Succeeded
195	PrimaryTumor_StageIIIA_196	14274	258.01293182373047	Solve_Succeeded
196	PrimaryTumor_StageIIB_197	14274	278.4067339897156	Solve_Succeeded
197	PrimaryTumor_StageIIIA_198	14274	260.5615475177765	Solve_Succeeded
198	PrimaryTumor_StageIIIA_199	14274	256.40049743652344	Solve_Succeeded
199	PrimaryTumor_StageI_200	14274	254.23386549949646	Solve_Succeeded
200	PrimaryTumor_StageI_201	14274	253.02182865142822	Solve_Succeeded
201	PrimaryTumor_StageIIB_202	14274	273.68941497802734	Solve_Succeeded
202	PrimaryTumor_StageIIA_203	14274	270.23988461494446	Solve_Succeeded
203	Metastatic_StageIIB_204	14274	273.1176097393036	Solve_Succeeded
204	PrimaryTumor_StageIIA_205	14274	276.7963216304779	Solve_Succeeded
205	PrimaryTumor_StageIIB_206	14274	273.67936062812805	Solve_Succeeded
206	PrimaryTumor_StageIIB_207	14274	260.1832573413849	Solve_Succeeded
207	PrimaryTumor_StageIIA_208	14274	249.63421773910522	Solve_Succeeded
208	PrimaryTumor_StageI_209	14274	258.56707644462585	Solve_Succeeded
209	PrimaryTumor_StageI_210	14274	258.12428402900696	Solve_Succeeded
210	PrimaryTumor_StageIIB_211	14274	263.54824328422546	Solve_Succeeded
211	PrimaryTumor_StageIIB_212	14274	262.96608328819275	Solve_Succeeded
212	PrimaryTumor_StageIIIA_213	14274	266.8050000667572	Solve_Succeeded
213	PrimaryTumor_StageII_214	14274	259.3219735622406	Solve_Succeeded
214	PrimaryTumor_StageIIB_215	14274	260.2687497138977	Solve_Succeeded
215	PrimaryTumor_StageIIB_216	14274	257.5781202316284	Solve_Succeeded
216	SolidTissueNormal_StageIIIA_217	14274	280.74127173423767	Solve_Succeeded
217	PrimaryTumor_StageI_218	14274	262.25299072265625	Solve_Succeeded
218	PrimaryTumor_StageIIA_219	14274	270.0221788883209	Solve_Succeeded
219	PrimaryTumor_StageIIA_220	14274	256.5132920742035	Solve_Succeeded
220	SolidTissueNormal_StageNA_221	14274	295.42910075187683	Solved_To_Acceptable_Level
221	PrimaryTumor_StageIIIB_222	14274	282.93705463409424	Solve_Succeeded
222	PrimaryTumor_StageIIB_223	14274	281.31024718284607	Solve_Succeeded
223	SolidTissueNormal_StageIIIB_224	14274	265.93884921073914	Solve_Succeeded
224	PrimaryTumor_StageIIIC_225	14274	271.33034920692444	Solve_Succeeded
225	PrimaryTumor_StageIIB_226	14274	265.45432019233704	Solve_Succeeded
226	PrimaryTumor_StageIA_227	14274	270.4563910961151	Solve_Succeeded
227	SolidTissueNormal_StageIIIA_228	14274	274.77658128738403	Solve_Succeeded
228	PrimaryTumor_StageIB_229	14274	253.22897863388062	Solve_Succeeded
229	PrimaryTumor_StageIIA_230	14274	265.79536271095276	Solve_Succeeded
230	PrimaryTumor_StageIV_231	14274	276.10080671310425	Solve_Succeeded
231	PrimaryTumor_StageIIB_232	14274	267.46288800239563	Solve_Succeeded
232	PrimaryTumor_StageIIA_233	14274	270.47349643707275	Solve_Succeeded
233	PrimaryTumor_StageIIB_234	14274	257.1439907550812	Solve_Succeeded
234	PrimaryTumor_StageIIB_235	14274	266.1565046310425	Solve_Succeeded
235	PrimaryTumor_StageIIA_236	14274	257.88723587989807	Solve_Succeeded
236	PrimaryTumor_StageIIB_237	14274	277.5607442855835	Solved_To_Acceptable_Level
237	PrimaryTumor_StageIIIC_238	14274	264.26029324531555	Solve_Succeeded
238	PrimaryTumor_StageIIB_239	14274	273.81781005859375	Solve_Succeeded
239	PrimaryTumor_StageIIA_240	14274	269.57409167289734	Solve_Succeeded
240	PrimaryTumor_StageIIIA_241	14274	260.37013959884644	Solve_Succeeded
241	PrimaryTumor_StageIIIA_242	14274	265.3246591091156	Solve_Succeeded
242	SolidTissueNormal_StageIIA_243	14274	277.2785725593567	Solve_Succeeded
243	PrimaryTumor_StageIA_244	14274	267.6078841686249	Solve_Succeeded
244	PrimaryTumor_StageX_245	14274	261.77032232284546	Solve_Succeeded
245	PrimaryTumor_StageIIB_246	14274	284.1123204231262	Solve_Succeeded
246	PrimaryTumor_StageIIB_247	14274	260.8997950553894	Solve_Succeeded
247	PrimaryTumor_StageIIIC_248	14274	282.20721650123596	Solve_Succeeded
248	PrimaryTumor_StageI_249	14274	264.0855076313019	Solve_Succeeded
249	SolidTissueNormal_StageIIB_250	14274	270.2356595993042	Solved_To_Acceptable_Level
250	PrimaryTumor_StageIIA_251	14274	258.18797636032104	Solve_Succeeded
251	PrimaryTumor_StageIIIA_252	14274	267.77450013160706	Solve_Succeeded
252	PrimaryTumor_StageIIB_253	14274	247.55276250839233	Solve_Succeeded
253	PrimaryTumor_StageIIB_254	14274	270.08784103393555	Solve_Succeeded
254	PrimaryTumor_StageIIB_255	14274	258.5344204902649	Solve_Succeeded
255	PrimaryTumor_StageIIA_256	14274	261.8352379798889	Solve_Succeeded
256	PrimaryTumor_StageI_257	14274	262.60932636260986	Solve_Succeeded
257	PrimaryTumor_StageIIA_258	14274	269.4975185394287	Solve_Succeeded
258	PrimaryTumor_StageIIIA_259	14274	282.6573762893677	Solve_Succeeded
259	PrimaryTumor_StageIIA_260	14274	271.38036036491394	Solve_Succeeded
260	PrimaryTumor_StageIIA_261	14274	261.9052276611328	Solve_Succeeded
261	PrimaryTumor_StageIA_262	14274	271.0476939678192	Solve_Succeeded
262	PrimaryTumor_StageIIIA_263	14274	261.3280816078186	Solve_Succeeded
263	PrimaryTumor_StageI_264	14274	271.2521495819092	Solve_Succeeded
264	PrimaryTumor_StageIIB_265	14274	291.5742163658142	Solve_Succeeded
265	PrimaryTumor_StageIIIA_266	14274	268.10622358322144	Solve_Succeeded
266	PrimaryTumor_StageIIB_267	14274	309.3110423088074	Solved_To_Acceptable_Level
267	PrimaryTumor_StageIV_268	14274	264.27427983283997	Solve_Succeeded
268	PrimaryTumor_StageIIIA_269	14274	260.1339821815491	Solve_Succeeded
269	PrimaryTumor_StageIIIA_270	14274	244.99249720573425	Solve_Succeeded
270	PrimaryTumor_StageIIA_271	14274	259.3589346408844	Solve_Succeeded
271	PrimaryTumor_StageIIA_272	14274	260.90779089927673	Solve_Succeeded
272	PrimaryTumor_StageIIIB_273	14274	263.1038408279419	Solve_Succeeded
273	PrimaryTumor_StageIIB_274	14274	271.5522229671478	Solve_Succeeded
274	PrimaryTumor_StageIIB_275	14274	268.6585478782654	Solve_Succeeded
275	PrimaryTumor_StageIIB_276	14274	266.13102984428406	Solve_Succeeded
276	PrimaryTumor_StageIIIB_277	14274	258.6560354232788	Solve_Succeeded
277	PrimaryTumor_StageIIA_278	14274	275.65548038482666	Solve_Succeeded
278	PrimaryTumor_StageIIIA_279	14274	270.6737515926361	Solve_Succeeded
279	PrimaryTumor_StageIIB_280	14274	304.3018789291382	Solve_Succeeded
280	PrimaryTumor_StageIIB_281	14274	261.14620757102966	Solve_Succeeded
281	PrimaryTumor_StageIIIA_282	14274	270.61034655570984	Solve_Succeeded
282	PrimaryTumor_StageIIB_283	14274	252.37164998054504	Solve_Succeeded
283	PrimaryTumor_StageIIIC_284	14274	252.69005370140076	Solve_Succeeded
284	PrimaryTumor_StageIIIA_285	14274	251.28951120376587	Solve_Succeeded
285	PrimaryTumor_StageIIA_286	14274	265.1967577934265	Solve_Succeeded
286	PrimaryTumor_StageIIIA_287	14274	271.8559579849243	Solve_Succeeded
287	PrimaryTumor_StageIIB_288	14274	263.81669759750366	Solve_Succeeded
288	PrimaryTumor_StageIIA_289	14274	296.38051891326904	Solve_Succeeded
289	PrimaryTumor_StageIIB_290	14274	268.14023876190186	Solve_Succeeded
290	PrimaryTumor_StageIIB_291	14274	264.52396297454834	Solve_Succeeded
291	PrimaryTumor_StageIIA_292	14274	268.41400480270386	Solve_Succeeded
292	SolidTissueNormal_StageIIB_293	14274	300.4277307987213	Solved_To_Acceptable_Level
293	PrimaryTumor_StageIIA_294	14274	262.5194888114929	Solve_Succeeded
294	PrimaryTumor_StageIIB_295	14274	266.34719491004944	Solve_Succeeded
295	PrimaryTumor_StageI_296	14274	260.4848840236664	Solve_Succeeded
296	PrimaryTumor_StageIIB_297	14274	264.6373951435089	Solve_Succeeded
297	SolidTissueNormal_StageIIIA_298	14274	270.4498369693756	Solve_Succeeded
298	PrimaryTumor_StageI_299	14274	274.7540023326874	Solve_Succeeded
299	Metastatic_StageIIB_300	14274	272.3668460845947	Solve_Succeeded
300	PrimaryTumor_StageIIA_301	14274	259.1719534397125	Solve_Succeeded
301	PrimaryTumor_StageIIIB_302	14274	307.0673358440399	Solve_Succeeded
302	PrimaryTumor_StageNA_303	14274	254.79790353775024	Solve_Succeeded
303	PrimaryTumor_StageIIA_304	14274	308.6746189594269	Solve_Succeeded
304	PrimaryTumor_StageIIIC_305	14274	265.46057510375977	Solve_Succeeded
305	PrimaryTumor_StageIIIC_306	14274	267.64577412605286	Solve_Succeeded
306	PrimaryTumor_StageIIA_307	14274	257.6113905906677	Solve_Succeeded
307	PrimaryTumor_StageIA_308	14274	264.9103772640228	Solve_Succeeded
308	PrimaryTumor_StageIIB_309	14274	257.8322403430939	Solve_Succeeded
309	PrimaryTumor_StageI_310	14274	313.61096000671387	Solved_To_Acceptable_Level
310	PrimaryTumor_StageIIIA_311	14274	272.58868050575256	Solve_Succeeded
311	PrimaryTumor_StageIIIC_312	14274	278.3629295825958	Solve_Succeeded
312	SolidTissueNormal_StageIIB_313	14274	262.5132751464844	Solve_Succeeded
313	PrimaryTumor_StageIIIC_314	14274	274.27626276016235	Solve_Succeeded
314	PrimaryTumor_StageIIA_315	14274	275.12252926826477	Solve_Succeeded
315	SolidTissueNormal_StageIIB_316	14274	273.2660367488861	Solve_Succeeded
316	PrimaryTumor_StageIA_317	14274	254.6534423828125	Solve_Succeeded
317	SolidTissueNormal_StageIIB_318	14274	269.01769948005676	Solve_Succeeded
318	PrimaryTumor_StageIA_319	14274	261.0773649215698	Solve_Succeeded
319	PrimaryTumor_StageIIA_320	14274	255.7204246520996	Solve_Succeeded
320	PrimaryTumor_StageIIA_321	14274	271.98379135131836	Solve_Succeeded
321	SolidTissueNormal_StageIIB_322	14274	283.86490774154663	Solve_Succeeded
322	PrimaryTumor_StageIA_323	14274	264.2358055114746	Solve_Succeeded
323	PrimaryTumor_StageIIIA_324	14274	298.2826406955719	Solve_Succeeded
324	PrimaryTumor_StageIIB_325	14274	270.1011564731598	Solve_Succeeded
325	PrimaryTumor_StageIIA_326	14274	278.8322105407715	Solve_Succeeded
326	PrimaryTumor_StageIA_327	14274	276.4608402252197	Solve_Succeeded
327	PrimaryTumor_StageIIA_328	14274	264.77805972099304	Solve_Succeeded
328	PrimaryTumor_StageIIIA_329	14274	276.82468605041504	Solve_Succeeded
329	PrimaryTumor_StageIIB_330	14274	277.8637161254883	Solve_Succeeded
330	PrimaryTumor_StageIIIB_331	14274	269.7908251285553	Solve_Succeeded
331	PrimaryTumor_StageIIIB_332	14274	277.5618727207184	Solve_Succeeded
332	PrimaryTumor_StageI_333	14274	268.7806797027588	Solve_Succeeded
333	PrimaryTumor_StageIIA_334	14274	268.83732533454895	Solve_Succeeded
334	PrimaryTumor_StageIIB_335	14274	267.22230315208435	Solve_Succeeded
335	PrimaryTumor_StageIV_336	14274	274.4149284362793	Solve_Succeeded
336	PrimaryTumor_StageIIA_337	14274	270.9647901058197	Solve_Succeeded
337	SolidTissueNormal_StageIIIA_338	14274	291.3469874858856	Solve_Succeeded
338	PrimaryTumor_StageIIA_339	14274	287.09585094451904	Solve_Succeeded
339	PrimaryTumor_StageIIIA_340	14274	268.49085783958435	Solve_Succeeded
340	PrimaryTumor_StageIIIA_341	14274	270.3024537563324	Solve_Succeeded
341	PrimaryTumor_StageII_342	14274	290.5965156555176	Solve_Succeeded
342	PrimaryTumor_StageIIIC_343	14274	263.92190170288086	Solve_Succeeded
343	PrimaryTumor_StageIIA_344	14274	273.2458233833313	Solve_Succeeded
344	PrimaryTumor_StageIIA_345	14274	275.14336490631104	Solve_Succeeded
345	PrimaryTumor_StageI_346	14274	265.1815071105957	Solve_Succeeded
346	PrimaryTumor_StageIIA_347	14274	274.111501455307	Solve_Succeeded
347	PrimaryTumor_StageIIA_348	14274	261.91689682006836	Solve_Succeeded
348	PrimaryTumor_StageIIIC_349	14274	264.8542432785034	Solve_Succeeded
349	PrimaryTumor_StageIIA_350	14274	258.1799726486206	Solve_Succeeded
350	SolidTissueNormal_StageIIA_351	14274	253.13142156600952	Solve_Succeeded
351	PrimaryTumor_StageIIA_352	14274	269.5576775074005	Solve_Succeeded
352	PrimaryTumor_StageIIIC_353	14274	261.84839057922363	Solve_Succeeded
353	PrimaryTumor_StageIIB_354	14274	282.7065806388855	Solve_Succeeded
354	PrimaryTumor_StageIIA_355	14274	269.9248077869415	Solve_Succeeded
355	PrimaryTumor_StageIIB_356	14274	282.00501704216003	Solve_Succeeded
356	PrimaryTumor_StageIIA_357	14274	292.04127526283264	Solve_Succeeded
357	PrimaryTumor_StageIIA_358	14274	271.0671513080597	Solve_Succeeded
358	PrimaryTumor_StageIIA_359	14274	259.0173954963684	Solve_Succeeded
359	PrimaryTumor_StageIIIC_360	14274	275.4424169063568	Solve_Succeeded
360	PrimaryTumor_StageI_361	14274	287.55490350723267	Solve_Succeeded
361	PrimaryTumor_StageIIA_362	14274	273.86160492897034	Solve_Succeeded
362	PrimaryTumor_StageIA_363	14274	255.86543917655945	Solve_Succeeded
363	PrimaryTumor_StageIIIC_364	14274	286.96640157699585	Solve_Succeeded
364	PrimaryTumor_StageIIB_365	14274	286.0876498222351	Solve_Succeeded
365	Metastatic_StageIIB_366	14274	264.93147563934326	Solve_Succeeded
366	PrimaryTumor_StageIIB_367	14274	263.2031059265137	Solve_Succeeded
367	PrimaryTumor_StageIIIA_368	14274	267.6979470252991	Solve_Succeeded
368	PrimaryTumor_StageIIIA_369	14274	265.92641615867615	Solve_Succeeded
369	PrimaryTumor_StageIIA_370	14274	265.199912071228	Solve_Succeeded
370	SolidTissueNormal_StageIIA_371	14274	267.5430212020874	Solve_Succeeded
371	PrimaryTumor_StageIIIA_372	14274	274.4561243057251	Solved_To_Acceptable_Level
372	PrimaryTumor_StageIIIA_373	14274	270.0503976345062	Solve_Succeeded
373	PrimaryTumor_StageIIA_374	14274	290.3833899497986	Solve_Succeeded
374	PrimaryTumor_StageIIA_375	14274	260.0124411582947	Solve_Succeeded
375	PrimaryTumor_StageIIB_376	14274	273.95983624458313	Solve_Succeeded
376	PrimaryTumor_StageIIA_377	14274	268.0267827510834	Solve_Succeeded
377	PrimaryTumor_StageIIA_378	14274	275.4350657463074	Solve_Succeeded
378	PrimaryTumor_StageIIB_379	14274	277.39314103126526	Solve_Succeeded
379	PrimaryTumor_StageX_380	14274	267.67367458343506	Solve_Succeeded
380	PrimaryTumor_StageIIA_381	14274	269.7678620815277	Solve_Succeeded
381	PrimaryTumor_StageIIA_382	14274	275.7445297241211	Solved_To_Acceptable_Level
382	PrimaryTumor_StageIIA_383	14274	259.18002581596375	Solve_Succeeded
383	PrimaryTumor_StageIIB_384	14274	284.2336621284485	Solve_Succeeded
384	PrimaryTumor_StageIIB_385	14274	267.3835895061493	Solve_Succeeded
385	PrimaryTumor_StageIIIB_386	14274	273.9413642883301	Solve_Succeeded
386	PrimaryTumor_StageIIIA_387	14274	265.7120723724365	Solve_Succeeded
387	SolidTissueNormal_StageIIB_388	14274	276.2297158241272	Solve_Succeeded
388	PrimaryTumor_StageIIIA_389	14274	282.34388637542725	Solve_Succeeded
389	PrimaryTumor_StageIIA_390	14274	275.19247460365295	Solve_Succeeded
390	PrimaryTumor_StageIIA_391	14274	284.5851926803589	Solve_Succeeded
391	PrimaryTumor_StageIA_392	14274	280.2110333442688	Solve_Succeeded
392	PrimaryTumor_StageIIIB_393	14274	266.9078321456909	Solve_Succeeded
393	PrimaryTumor_StageI_394	14274	275.80731105804443	Solve_Succeeded
394	PrimaryTumor_StageIIA_395	14274	303.14677834510803	Maximum_Iterations_Exceeded
395	PrimaryTumor_StageIIIB_396	14274	272.32296109199524	Solve_Succeeded
396	PrimaryTumor_StageIIA_397	14274	259.6183133125305	Solve_Succeeded
397	PrimaryTumor_StageIIB_398	14274	273.00963163375854	Solve_Succeeded
398	PrimaryTumor_StageIIB_399	14274	274.5917992591858	Solve_Succeeded
399	SolidTissueNormal_StageI_400	14274	288.2497990131378	Solve_Succeeded
400	PrimaryTumor_StageIIB_401	14274	263.48115587234497	Solve_Succeeded
401	SolidTissueNormal_StageIIIC_402	14274	279.3953506946564	Solve_Succeeded
402	PrimaryTumor_StageIIIA_403	14274	267.31671380996704	Solve_Succeeded
403	PrimaryTumor_StageIIB_404	14274	280.6528422832489	Solve_Succeeded
404	PrimaryTumor_StageIIA_405	14274	257.1999192237854	Solve_Succeeded
405	PrimaryTumor_StageIIB_406	14274	274.5131061077118	Solve_Succeeded
406	PrimaryTumor_StageIIA_407	14274	272.0997166633606	Solve_Succeeded
407	SolidTissueNormal_StageIIA_408	14274	260.4446048736572	Solve_Succeeded
408	PrimaryTumor_StageIIB_409	14274	281.1867802143097	Solve_Succeeded
409	PrimaryTumor_StageIIIA_410	14274	268.1432490348816	Solve_Succeeded
410	PrimaryTumor_StageIIA_411	14274	263.37174820899963	Solve_Succeeded
411	PrimaryTumor_StageIIB_412	14274	266.30337595939636	Solve_Succeeded
412	PrimaryTumor_StageI_413	14274	262.09297347068787	Solve_Succeeded
413	PrimaryTumor_StageIA_414	14274	273.4578912258148	Solve_Succeeded
414	PrimaryTumor_StageIIA_415	14274	267.668025970459	Solve_Succeeded
415	SolidTissueNormal_StageI_416	14274	278.5093927383423	Solve_Succeeded
416	PrimaryTumor_StageIIA_417	14274	274.015465259552	Solve_Succeeded
417	PrimaryTumor_StageIIB_418	14274	276.40119552612305	Solve_Succeeded
418	PrimaryTumor_StageIIIA_419	14274	305.28000926971436	Solve_Succeeded
419	PrimaryTumor_StageIA_420	14274	262.8259298801422	Solve_Succeeded
420	PrimaryTumor_StageIIIA_421	14274	261.717839717865	Solve_Succeeded
421	PrimaryTumor_StageIIIC_422	14274	269.05616664886475	Solve_Succeeded
422	SolidTissueNormal_StageIIA_423	14274	267.856458902359	Solve_Succeeded
423	PrimaryTumor_StageIIA_424	14274	272.20186161994934	Solve_Succeeded
424	PrimaryTumor_StageIIA_425	14274	262.0522928237915	Solve_Succeeded
425	PrimaryTumor_StageIIB_426	14274	264.49721574783325	Solve_Succeeded
426	PrimaryTumor_StageIIIC_427	14274	286.56758999824524	Solve_Succeeded
427	PrimaryTumor_StageIA_428	14274	304.7164103984833	Solve_Succeeded
428	PrimaryTumor_StageIIIA_429	14274	304.23409724235535	Solve_Succeeded
429	PrimaryTumor_StageIIIA_430	14274	293.3151795864105	Solve_Succeeded
430	PrimaryTumor_StageIIA_431	14274	269.64408659935	Solve_Succeeded
431	PrimaryTumor_StageIIA_432	14274	285.80629110336304	Solve_Succeeded
432	PrimaryTumor_StageX_433	14274	258.5988643169403	Solve_Succeeded
433	PrimaryTumor_StageIIA_434	14274	297.9519898891449	Solve_Succeeded
434	PrimaryTumor_StageIIA_435	14274	283.73371291160583	Solved_To_Acceptable_Level
435	PrimaryTumor_StageIIB_436	14274	270.73712968826294	Solve_Succeeded
436	PrimaryTumor_StageIIIA_437	14274	282.0062966346741	Solve_Succeeded
437	PrimaryTumor_StageIA_438	14274	275.17657470703125	Solve_Succeeded
438	PrimaryTumor_StageIIB_439	14274	282.4384777545929	Solve_Succeeded
439	PrimaryTumor_StageIIA_440	14274	283.5556364059448	Solve_Succeeded
440	PrimaryTumor_StageIIIA_441	14274	269.18555212020874	Solve_Succeeded
441	PrimaryTumor_StageIIA_442	14274	275.5226547718048	Solve_Succeeded
442	PrimaryTumor_StageIIA_443	14274	276.83881282806396	Solve_Succeeded
443	PrimaryTumor_StageIIA_444	14274	271.1703779697418	Solve_Succeeded
444	SolidTissueNormal_StageIIIB_445	14274	292.83475160598755	Solve_Succeeded
445	PrimaryTumor_StageIIA_446	14274	271.74640679359436	Solve_Succeeded
446	PrimaryTumor_StageIIA_447	14274	263.50814294815063	Solve_Succeeded
447	PrimaryTumor_StageIIA_448	14274	266.4094307422638	Solve_Succeeded
448	PrimaryTumor_StageIIB_449	14274	282.0065996646881	Solve_Succeeded
449	PrimaryTumor_StageIA_450	14274	272.79888820648193	Solve_Succeeded
450	PrimaryTumor_StageIIB_451	14274	264.91972041130066	Solve_Succeeded
451	PrimaryTumor_StageI_452	14274	261.2753095626831	Solve_Succeeded
452	PrimaryTumor_StageIIB_453	14274	272.79052090644836	Solve_Succeeded
453	SolidTissueNormal_StageIIA_454	14274	279.8009603023529	Solve_Succeeded
454	PrimaryTumor_StageIIIA_455	14274	277.8336317539215	Solve_Succeeded
455	PrimaryTumor_StageIIA_456	14274	264.8085584640503	Solve_Succeeded
456	SolidTissueNormal_StageIIB_457	14274	266.7070779800415	Solve_Succeeded
457	PrimaryTumor_StageIIIA_458	14274	274.0266065597534	Solve_Succeeded
458	PrimaryTumor_StageIIA_459	14274	262.33326411247253	Solve_Succeeded
459	PrimaryTumor_StageIIIC_460	14274	263.3791630268097	Solve_Succeeded
460	PrimaryTumor_StageIIA_461	14274	269.2736220359802	Solve_Succeeded
461	PrimaryTumor_StageIIIC_462	14274	268.8063826560974	Solve_Succeeded
462	PrimaryTumor_StageIIA_463	14274	264.452748298645	Solve_Succeeded
463	PrimaryTumor_StageIIB_464	14274	274.67245960235596	Solve_Succeeded
464	PrimaryTumor_StageIIB_465	14274	270.2424671649933	Solve_Succeeded
465	PrimaryTumor_StageIIA_466	14274	286.0086314678192	Solve_Succeeded
466	PrimaryTumor_StageIIA_467	14274	281.0140972137451	Solve_Succeeded
467	PrimaryTumor_StageIIIA_468	14274	310.7193989753723	Maximum_Iterations_Exceeded
468	PrimaryTumor_StageIIIA_469	14274	275.1396176815033	Solve_Succeeded
469	PrimaryTumor_StageIIA_470	14274	270.78789138793945	Solve_Succeeded
470	PrimaryTumor_StageIIB_471	14274	266.7301034927368	Solve_Succeeded
471	PrimaryTumor_StageIIB_472	14274	267.95229625701904	Solve_Succeeded
472	PrimaryTumor_StageIIIA_473	14274	263.88295102119446	Solve_Succeeded
473	PrimaryTumor_StageIA_474	14274	311.2487037181854	Solved_To_Acceptable_Level
474	PrimaryTumor_StageI_475	14274	268.172429561615	Solve_Succeeded
475	PrimaryTumor_StageIIIA_476	14274	273.3726305961609	Solved_To_Acceptable_Level
476	PrimaryTumor_StageIIIA_477	14274	268.0135943889618	Solve_Succeeded
477	PrimaryTumor_StageIIIC_478	14274	300.02008628845215	Solve_Succeeded
478	PrimaryTumor_StageIIA_479	14274	263.3964536190033	Solve_Succeeded
479	PrimaryTumor_StageI_480	14274	273.4446201324463	Solve_Succeeded
480	PrimaryTumor_StageIII_481	14274	268.9107666015625	Solve_Succeeded
481	PrimaryTumor_StageIA_482	14274	274.03946828842163	Solve_Succeeded
482	PrimaryTumor_StageIIA_483	14274	257.4983184337616	Solve_Succeeded
483	PrimaryTumor_StageIIA_484	14274	266.72646617889404	Solve_Succeeded
484	PrimaryTumor_StageIIB_485	14274	269.2889084815979	Solve_Succeeded
485	PrimaryTumor_StageIIA_486	14274	287.32313299179077	Solve_Succeeded
486	PrimaryTumor_StageIIA_487	14274	266.47938871383667	Solve_Succeeded
487	PrimaryTumor_StageIIIC_488	14274	271.8729465007782	Solve_Succeeded
488	PrimaryTumor_StageIIB_489	14274	262.0606610774994	Solve_Succeeded
489	PrimaryTumor_StageIIB_490	14274	268.8373181819916	Solve_Succeeded
490	PrimaryTumor_StageIIB_491	14274	303.5719451904297	Solve_Succeeded
491	PrimaryTumor_StageIA_492	14274	286.3337161540985	Solve_Succeeded
492	PrimaryTumor_StageIA_493	14274	284.3881781101227	Solve_Succeeded
493	PrimaryTumor_StageIIB_494	14274	275.3617079257965	Solve_Succeeded
494	PrimaryTumor_StageI_495	14274	267.3266541957855	Solve_Succeeded
495	PrimaryTumor_StageI_496	14274	288.12433338165283	Solve_Succeeded
496	PrimaryTumor_StageIIA_497	14274	272.6469876766205	Solve_Succeeded
497	PrimaryTumor_StageIIIA_498	14274	273.5614655017853	Solve_Succeeded
498	PrimaryTumor_StageIIA_499	14274	271.35109210014343	Solve_Succeeded
499	SolidTissueNormal_StageIIB_500	14274	271.57573103904724	Solve_Succeeded
500	PrimaryTumor_StageIIB_501	14274	276.0620594024658	Solve_Succeeded
501	PrimaryTumor_StageIIB_502	14274	321.01459527015686	Maximum_Iterations_Exceeded
502	PrimaryTumor_StageIA_503	14274	279.85978627204895	Solve_Succeeded
503	PrimaryTumor_StageIIIC_504	14274	314.5314943790436	Maximum_Iterations_Exceeded
504	PrimaryTumor_StageIIA_505	14274	271.0625641345978	Solve_Succeeded
505	PrimaryTumor_StageIIB_506	14274	282.7244791984558	Solve_Succeeded
506	PrimaryTumor_StageIIA_507	14274	307.1555337905884	Solve_Succeeded
507	PrimaryTumor_StageNA_508	14274	270.38562202453613	Solve_Succeeded
508	PrimaryTumor_StageIIIA_509	14274	308.26562666893005	Solve_Succeeded
509	SolidTissueNormal_StageIIA_510	14274	269.86067295074463	Solve_Succeeded
510	PrimaryTumor_StageIIB_511	14274	276.10220766067505	Solve_Succeeded
511	PrimaryTumor_StageNA_512	14274	265.7413034439087	Solve_Succeeded
512	PrimaryTumor_StageIIB_513	14274	275.8851761817932	Solve_Succeeded
513	PrimaryTumor_StageIIA_514	14274	266.7508623600006	Solve_Succeeded
514	PrimaryTumor_StageIIB_515	14274	267.84085631370544	Solve_Succeeded
515	PrimaryTumor_StageIIA_516	14274	285.4852912425995	Solve_Succeeded
516	PrimaryTumor_StageIIB_517	14274	311.35568714141846	Solve_Succeeded
517	PrimaryTumor_StageIIIA_518	14274	274.7019579410553	Solve_Succeeded
518	PrimaryTumor_StageIIB_519	14274	303.9517240524292	Solved_To_Acceptable_Level
519	PrimaryTumor_StageIIIB_520	14274	276.7909185886383	Solve_Succeeded
520	PrimaryTumor_StageIIA_521	14274	285.74344301223755	Solve_Succeeded
521	PrimaryTumor_StageIA_522	14274	278.32261085510254	Solve_Succeeded
522	PrimaryTumor_StageIIIC_523	14274	271.2966556549072	Solve_Succeeded
523	PrimaryTumor_StageIIB_524	14274	292.04477739334106	Solve_Succeeded
524	PrimaryTumor_StageIIB_525	14274	270.25175881385803	Solve_Succeeded
525	PrimaryTumor_StageIA_526	14274	274.2883846759796	Solve_Succeeded
526	SolidTissueNormal_StageI_527	14274	270.1856656074524	Solve_Succeeded
527	PrimaryTumor_StageIV_528	14274	265.41413617134094	Solve_Succeeded
528	PrimaryTumor_StageI_529	14274	299.94149923324585	Solve_Succeeded
529	PrimaryTumor_StageIIB_530	14274	293.72914266586304	Solve_Succeeded
530	PrimaryTumor_StageIA_531	14274	283.1613883972168	Solve_Succeeded
531	PrimaryTumor_StageIIIA_532	14274	297.5950150489807	Solve_Succeeded
532	PrimaryTumor_StageIIIA_533	14274	267.07785820961	Solve_Succeeded
533	PrimaryTumor_StageIIA_534	14274	314.29738664627075	Maximum_Iterations_Exceeded
534	PrimaryTumor_StageIIA_535	14274	279.8413028717041	Solve_Succeeded
535	PrimaryTumor_StageIIA_536	14274	272.93542742729187	Solve_Succeeded
536	PrimaryTumor_StageIIA_537	14274	275.592652797699	Solve_Succeeded
537	PrimaryTumor_StageIIB_538	14274	270.05447721481323	Solve_Succeeded
538	SolidTissueNormal_StageIIA_539	14274	276.9826829433441	Solve_Succeeded
539	PrimaryTumor_StageIA_540	14274	296.3364050388336	Solve_Succeeded
540	PrimaryTumor_StageIIIC_541	14274	276.6729054450989	Solve_Succeeded
541	PrimaryTumor_StageIIA_542	14274	274.4554617404938	Solve_Succeeded
542	SolidTissueNormal_StageIIIA_543	14274	285.2118721008301	Solve_Succeeded
543	PrimaryTumor_StageIIA_544	14274	271.0494980812073	Solve_Succeeded
544	SolidTissueNormal_StageIIB_545	14274	280.4397141933441	Solve_Succeeded
545	PrimaryTumor_StageIIIA_546	14274	272.3365206718445	Solve_Succeeded
546	PrimaryTumor_StageIIA_547	14274	271.58260846138	Solve_Succeeded
547	PrimaryTumor_StageIIB_548	14274	275.1264295578003	Solve_Succeeded
548	PrimaryTumor_StageIIA_549	14274	288.8911030292511	Solve_Succeeded
549	PrimaryTumor_StageIIIA_550	14274	295.6803689002991	Solve_Succeeded
550	PrimaryTumor_StageIIIA_551	14274	288.6567838191986	Solve_Succeeded
551	PrimaryTumor_StageIIB_552	14274	267.1548285484314	Solve_Succeeded
552	PrimaryTumor_StageIIA_553	14274	284.5898404121399	Solve_Succeeded
553	SolidTissueNormal_StageIIA_554	14274	274.50853514671326	Solve_Succeeded
554	PrimaryTumor_StageIIA_555	14274	278.97246050834656	Solve_Succeeded
555	PrimaryTumor_StageIIA_556	14274	273.73579955101013	Solve_Succeeded
556	PrimaryTumor_StageI_557	14274	274.71470379829407	Solve_Succeeded
557	SolidTissueNormal_StageIIA_558	14274	281.8480267524719	Solve_Succeeded
558	PrimaryTumor_StageIIIA_559	14274	272.3429021835327	Solve_Succeeded
559	PrimaryTumor_StageIIB_560	14274	272.9703631401062	Solve_Succeeded
560	PrimaryTumor_StageX_561	14274	286.9944179058075	Solve_Succeeded
561	PrimaryTumor_StageIIA_562	14274	274.1500313282013	Solve_Succeeded
562	PrimaryTumor_StageIIA_563	14274	288.2248878479004	Solve_Succeeded
563	PrimaryTumor_StageIIIC_564	14274	275.2632796764374	Solve_Succeeded
564	PrimaryTumor_StageI_565	14274	288.0377070903778	Solve_Succeeded
565	PrimaryTumor_StageIIIA_566	14274	272.26465368270874	Solve_Succeeded
566	PrimaryTumor_StageIIA_567	14274	285.62832856178284	Solve_Succeeded
567	PrimaryTumor_StageIIIA_568	14274	281.5561320781708	Solve_Succeeded
568	PrimaryTumor_StageIIA_569	14274	281.68880701065063	Solve_Succeeded
569	PrimaryTumor_StageIIB_570	14274	288.85477447509766	Solve_Succeeded
570	PrimaryTumor_StageI_571	14274	285.0363006591797	Solve_Succeeded
571	PrimaryTumor_StageX_572	14274	286.39023900032043	Solve_Succeeded
572	SolidTissueNormal_StageIIA_573	14274	272.48922204971313	Solve_Succeeded
573	PrimaryTumor_StageIIA_574	14274	313.2586109638214	Solved_To_Acceptable_Level
574	PrimaryTumor_StageIIA_575	14274	320.288964509964	Solve_Succeeded
575	PrimaryTumor_StageI_576	14274	282.76213240623474	Solve_Succeeded
576	PrimaryTumor_StageIIB_577	14274	273.51041626930237	Solve_Succeeded
577	PrimaryTumor_StageIIB_578	14274	281.6989424228668	Solved_To_Acceptable_Level
578	PrimaryTumor_StageIIA_579	14274	267.4699401855469	Solve_Succeeded
579	SolidTissueNormal_StageIIB_580	14274	285.6687412261963	Solve_Succeeded
580	PrimaryTumor_StageIIB_581	14274	272.9254891872406	Solve_Succeeded
581	PrimaryTumor_StageI_582	14274	286.30598044395447	Solved_To_Acceptable_Level
582	PrimaryTumor_StageIA_583	14274	274.2558331489563	Solve_Succeeded
583	PrimaryTumor_StageIIIC_584	14274	277.76811242103577	Solve_Succeeded
584	PrimaryTumor_StageIIA_585	14274	274.3046283721924	Solve_Succeeded
585	PrimaryTumor_StageIIB_586	14274	308.24799847602844	Solve_Succeeded
586	PrimaryTumor_StageIIIA_587	14274	289.00971031188965	Solve_Succeeded
587	PrimaryTumor_StageIIA_588	14274	291.7080805301666	Solve_Succeeded
588	PrimaryTumor_StageIIA_589	14274	270.96879506111145	Solve_Succeeded
589	PrimaryTumor_StageIIA_590	14274	272.5684931278229	Solve_Succeeded
590	PrimaryTumor_StageIIB_591	14274	270.82209157943726	Solve_Succeeded
591	PrimaryTumor_StageIIA_592	14274	293.1056535243988	Solve_Succeeded
592	PrimaryTumor_StageIIA_593	14274	285.77614068984985	Solve_Succeeded
593	SolidTissueNormal_StageIIIA_594	14274	327.452335357666	Maximum_Iterations_Exceeded
594	PrimaryTumor_StageIIB_595	14274	301.22207736968994	Solve_Succeeded
595	PrimaryTumor_StageIIA_596	14274	270.5080020427704	Solve_Succeeded
596	PrimaryTumor_StageIIA_597	14274	276.3987672328949	Solve_Succeeded
597	PrimaryTumor_StageIIIC_598	14274	276.57237696647644	Solve_Succeeded
598	PrimaryTumor_StageIIB_599	14274	276.14295053482056	Solve_Succeeded
599	PrimaryTumor_StageIA_600	14274	274.3447961807251	Solve_Succeeded
600	PrimaryTumor_StageIIIA_601	14274	282.26021671295166	Solve_Succeeded
601	PrimaryTumor_StageIIIC_602	14274	281.8977646827698	Solve_Succeeded
602	PrimaryTumor_StageI_603	14274	267.6238124370575	Solve_Succeeded
603	PrimaryTumor_StageI_604	14274	278.84222435951233	Solve_Succeeded
604	PrimaryTumor_StageIA_605	14274	274.69118547439575	Solve_Succeeded
605	PrimaryTumor_StageIIB_606	14274	265.7353084087372	Solve_Succeeded
606	PrimaryTumor_StageIIIB_607	14274	306.11562156677246	Solved_To_Acceptable_Level
607	PrimaryTumor_StageI_608	14274	284.2612624168396	Solved_To_Acceptable_Level
608	PrimaryTumor_StageIIIA_609	14274	281.11624097824097	Solve_Succeeded
609	PrimaryTumor_StageIIA_610	14274	282.9283745288849	Solve_Succeeded
610	PrimaryTumor_StageIA_611	14274	274.82138180732727	Solve_Succeeded
611	PrimaryTumor_StageIIB_612	14274	282.2935879230499	Solve_Succeeded
612	PrimaryTumor_StageIIIA_613	14274	301.2735857963562	Solved_To_Acceptable_Level
613	PrimaryTumor_StageIA_614	14274	306.2527348995209	Solve_Succeeded
614	PrimaryTumor_StageIA_615	14274	282.3470251560211	Solve_Succeeded
615	PrimaryTumor_StageIA_616	14274	297.10661578178406	Solve_Succeeded
616	PrimaryTumor_StageIIIC_617	14274	278.6460621356964	Solve_Succeeded
617	SolidTissueNormal_StageIIIC_618	14274	269.8299868106842	Solve_Succeeded
618	PrimaryTumor_StageIIIC_619	14274	274.01364040374756	Solve_Succeeded
619	PrimaryTumor_StageIIA_620	14274	274.6413052082062	Solve_Succeeded
620	PrimaryTumor_StageI_621	14274	263.9132516384125	Solve_Succeeded
621	PrimaryTumor_StageIIB_622	14274	288.66113114356995	Solve_Succeeded
622	PrimaryTumor_StageIIIA_623	14274	277.0003550052643	Solve_Succeeded
623	PrimaryTumor_StageIA_624	14274	320.4995357990265	Solved_To_Acceptable_Level
624	PrimaryTumor_StageIIA_625	14274	294.5995967388153	Solve_Succeeded
625	PrimaryTumor_StageIIA_626	14274	273.3514988422394	Solve_Succeeded
626	SolidTissueNormal_StageIIIB_627	14274	278.7892038822174	Solve_Succeeded
627	PrimaryTumor_StageIIB_628	14274	277.73935174942017	Solved_To_Acceptable_Level
628	PrimaryTumor_StageIIB_629	14274	277.87154936790466	Solve_Succeeded
629	PrimaryTumor_StageIV_630	14274	285.19917726516724	Solve_Succeeded
630	PrimaryTumor_StageIIA_631	14274	308.3162257671356	Solve_Succeeded
631	PrimaryTumor_StageIIIC_632	14274	283.67282152175903	Solve_Succeeded
632	PrimaryTumor_StageIIB_633	14274	276.9895701408386	Solve_Succeeded
633	PrimaryTumor_StageIA_634	14274	285.0282599925995	Solved_To_Acceptable_Level
634	PrimaryTumor_StageIIA_635	14274	272.8915479183197	Solve_Succeeded
635	PrimaryTumor_StageIIIA_636	14274	274.84828996658325	Solve_Succeeded
636	PrimaryTumor_StageIA_637	14274	282.8146605491638	Solve_Succeeded
637	SolidTissueNormal_StageIIIB_638	14274	288.53446078300476	Solve_Succeeded
638	PrimaryTumor_StageIIB_639	14274	278.6241388320923	Solve_Succeeded
639	SolidTissueNormal_StageIIIA_640	14274	281.99183797836304	Solve_Succeeded
640	PrimaryTumor_StageIIIA_641	14274	272.90333104133606	Solve_Succeeded
641	PrimaryTumor_StageIIA_642	14274	309.3337025642395	Solve_Succeeded
642	PrimaryTumor_StageIIA_643	14274	285.70230412483215	Solve_Succeeded
643	PrimaryTumor_StageIIA_644	14274	281.29998898506165	Solve_Succeeded
644	PrimaryTumor_StageIIB_645	14274	284.1529543399811	Solve_Succeeded
645	PrimaryTumor_StageIIIA_646	14274	323.206312417984	Solve_Succeeded
646	PrimaryTumor_StageIIA_647	14274	270.1312143802643	Solve_Succeeded
647	PrimaryTumor_StageIIA_648	14274	288.30264806747437	Solve_Succeeded
648	SolidTissueNormal_StageIIA_649	14274	272.88299584388733	Solve_Succeeded
649	PrimaryTumor_StageI_650	14274	274.7417929172516	Solve_Succeeded
650	PrimaryTumor_StageIIA_651	14274	279.2698085308075	Solve_Succeeded
651	PrimaryTumor_StageIIB_652	14274	322.2805802822113	Maximum_Iterations_Exceeded
652	PrimaryTumor_StageIA_653	14274	308.44820642471313	Solve_Succeeded
653	PrimaryTumor_StageNA_654	14274	318.8269498348236	Solved_To_Acceptable_Level
654	SolidTissueNormal_StageI_655	14274	278.0279896259308	Solve_Succeeded
655	PrimaryTumor_StageIIIA_656	14274	307.7528076171875	Solved_To_Acceptable_Level
656	PrimaryTumor_StageIIIA_657	14274	274.67301297187805	Solve_Succeeded
657	PrimaryTumor_StageIIIA_658	14274	268.554292678833	Solve_Succeeded
658	PrimaryTumor_StageIIA_659	14274	271.4214024543762	Solve_Succeeded
659	PrimaryTumor_StageIIB_660	14274	272.92305421829224	Solve_Succeeded
660	PrimaryTumor_StageIIA_661	14274	276.9421081542969	Solve_Succeeded
661	SolidTissueNormal_StageI_662	14274	257.4081208705902	Solve_Succeeded
662	PrimaryTumor_StageIA_663	14274	270.0600571632385	Solve_Succeeded
663	PrimaryTumor_StageIIA_664	14274	263.6792109012604	Solve_Succeeded
664	PrimaryTumor_StageX_665	14274	296.5622901916504	Solved_To_Acceptable_Level
665	PrimaryTumor_StageI_666	14274	266.289466381073	Solve_Succeeded
666	PrimaryTumor_StageIIA_667	14274	320.0540237426758	Solve_Succeeded
667	PrimaryTumor_StageIIIA_668	14274	261.46270179748535	Solve_Succeeded
668	PrimaryTumor_StageIIA_669	14274	287.9455096721649	Solve_Succeeded
669	PrimaryTumor_StageIV_670	14274	272.16264295578003	Solve_Succeeded
670	PrimaryTumor_StageIIIA_671	14274	311.04838848114014	Solve_Succeeded
671	PrimaryTumor_StageIIA_672	14274	276.2568213939667	Solve_Succeeded
672	PrimaryTumor_StageIA_673	14274	304.3884515762329	Solve_Succeeded
673	PrimaryTumor_StageIIIB_674	14274	260.3864653110504	Solve_Succeeded
674	PrimaryTumor_StageIIA_675	14274	275.84837770462036	Solve_Succeeded
675	PrimaryTumor_StageIIIA_676	14274	275.9485697746277	Solve_Succeeded
676	PrimaryTumor_StageIIB_677	14274	276.46534395217896	Solve_Succeeded
677	PrimaryTumor_StageIIA_678	14274	287.1705644130707	Solve_Succeeded
678	PrimaryTumor_StageIIA_679	14274	291.44062900543213	Solve_Succeeded
679	PrimaryTumor_StageIIIA_680	14274	261.37230348587036	Solve_Succeeded
680	PrimaryTumor_StageIA_681	14274	283.3379065990448	Solve_Succeeded
681	SolidTissueNormal_StageIIA_682	14274	265.7710394859314	Solve_Succeeded
682	PrimaryTumor_StageIA_683	14274	272.00647258758545	Solve_Succeeded
683	PrimaryTumor_StageIIA_684	14274	272.76250290870667	Solve_Succeeded
684	PrimaryTumor_StageIIA_685	14274	276.5726480484009	Solve_Succeeded
685	PrimaryTumor_StageIIIA_686	14274	261.0857515335083	Solve_Succeeded
686	PrimaryTumor_StageIIA_687	14274	278.1788284778595	Solve_Succeeded
687	SolidTissueNormal_StageIIB_688	14274	285.7477066516876	Solve_Succeeded
688	PrimaryTumor_StageIIA_689	14274	307.3766276836395	Solve_Succeeded
689	SolidTissueNormal_StageIIA_690	14274	286.72975301742554	Solve_Succeeded
690	PrimaryTumor_StageIV_691	14274	286.88401675224304	Solve_Succeeded
691	PrimaryTumor_StageIA_692	14274	266.0672924518585	Solve_Succeeded
692	PrimaryTumor_StageIA_693	14274	280.3503632545471	Solve_Succeeded
693	PrimaryTumor_StageIIIC_694	14274	270.4425983428955	Solve_Succeeded
694	PrimaryTumor_StageIIA_695	14274	270.5889825820923	Solve_Succeeded
695	SolidTissueNormal_StageIIA_696	14274	281.9530940055847	Solve_Succeeded
696	PrimaryTumor_StageIIB_697	14274	298.26484870910645	Solve_Succeeded
697	PrimaryTumor_StageIIA_698	14274	284.30628204345703	Solve_Succeeded
698	PrimaryTumor_StageIA_699	14274	289.4843237400055	Solve_Succeeded
699	PrimaryTumor_StageI_700	14274	275.590452671051	Solve_Succeeded
700	SolidTissueNormal_StageIIB_701	14274	279.660710811615	Solve_Succeeded
701	PrimaryTumor_StageIIA_702	14274	275.0907678604126	Solve_Succeeded
702	PrimaryTumor_StageIA_703	14274	275.9252095222473	Solve_Succeeded
703	PrimaryTumor_StageIIB_704	14274	261.2662215232849	Solve_Succeeded
704	PrimaryTumor_StageI_705	14274	277.97641491889954	Solve_Succeeded
705	PrimaryTumor_StageIIA_706	14274	274.56130957603455	Solve_Succeeded
706	PrimaryTumor_StageIIIB_707	14274	275.2939157485962	Solve_Succeeded
707	PrimaryTumor_StageIIIA_708	14274	265.7961506843567	Solve_Succeeded
708	SolidTissueNormal_StageIIA_709	14274	279.77654814720154	Solve_Succeeded
709	PrimaryTumor_StageIA_710	14274	282.6863715648651	Solve_Succeeded
710	SolidTissueNormal_StageIA_711	14274	266.4929721355438	Solve_Succeeded
711	PrimaryTumor_StageIIIA_712	14274	245.41892886161804	Solve_Succeeded
712	PrimaryTumor_StageIIA_713	14274	261.35790610313416	Solve_Succeeded
713	PrimaryTumor_StageIIB_714	14274	257.40708684921265	Solve_Succeeded
714	PrimaryTumor_StageIIA_715	14274	255.66344499588013	Solve_Succeeded
715	PrimaryTumor_StageIIB_716	14274	238.53376817703247	Solve_Succeeded
716	PrimaryTumor_StageIIA_717	14274	259.72539019584656	Solve_Succeeded
717	PrimaryTumor_StageI_718	14274	248.7261552810669	Solve_Succeeded
718	PrimaryTumor_StageIIA_719	14274	274.9909653663635	Solve_Succeeded
719	PrimaryTumor_StageIB_720	14274	262.9151020050049	Solve_Succeeded
720	PrimaryTumor_StageIIA_721	14274	269.1453740596771	Solve_Succeeded
721	PrimaryTumor_StageIIIA_722	14274	259.00934290885925	Solve_Succeeded
722	PrimaryTumor_StageI_723	14274	290.4587676525116	Solve_Succeeded
723	PrimaryTumor_StageIIIA_724	14274	301.3871376514435	Maximum_Iterations_Exceeded
724	PrimaryTumor_StageIIA_725	14274	281.51927280426025	Solve_Succeeded
725	PrimaryTumor_StageIIA_726	14274	252.70882153511047	Solve_Succeeded
726	PrimaryTumor_StageI_727	14274	275.44491171836853	Solve_Succeeded
727	PrimaryTumor_StageIIA_728	14274	258.75701355934143	Solve_Succeeded
728	PrimaryTumor_StageI_729	14274	282.0284638404846	Solve_Succeeded
729	PrimaryTumor_StageIIIC_730	14274	256.80469846725464	Solve_Succeeded
730	PrimaryTumor_StageIIIA_731	14274	293.6922161579132	Solve_Succeeded
731	PrimaryTumor_StageIIA_732	14274	300.1527171134949	Maximum_Iterations_Exceeded
732	SolidTissueNormal_StageIIA_733	14274	283.94056582450867	Solve_Succeeded
733	PrimaryTumor_StageIIA_734	14274	272.44090700149536	Solve_Succeeded
734	PrimaryTumor_StageIIA_735	14274	280.72864055633545	Solve_Succeeded
735	SolidTissueNormal_StageIIIA_736	14274	269.34047055244446	Solve_Succeeded
736	PrimaryTumor_StageIIB_737	14274	279.74892139434814	Solve_Succeeded
737	PrimaryTumor_StageIIA_738	14274	257.61358857154846	Solve_Succeeded
738	PrimaryTumor_StageIIA_739	14274	279.0909411907196	Solve_Succeeded
739	PrimaryTumor_StageIIA_740	14274	265.1913456916809	Solve_Succeeded
740	PrimaryTumor_StageIIA_741	14274	275.1838366985321	Solve_Succeeded
741	PrimaryTumor_StageIIB_742	14274	258.59410548210144	Solve_Succeeded
742	PrimaryTumor_StageIIIC_743	14274	309.2370026111603	Solved_To_Acceptable_Level
743	PrimaryTumor_StageIIA_744	14274	275.40105748176575	Solve_Succeeded
744	PrimaryTumor_StageIIIA_745	14274	285.4349412918091	Solve_Succeeded
745	PrimaryTumor_StageIIB_746	14274	261.0270428657532	Solve_Succeeded
746	PrimaryTumor_StageIIIC_747	14274	276.6396715641022	Solve_Succeeded
747	PrimaryTumor_StageIA_748	14274	264.5091712474823	Solve_Succeeded
748	SolidTissueNormal_StageIIA_749	14274	284.5189428329468	Solve_Succeeded
749	PrimaryTumor_StageIIIA_750	14274	280.8177466392517	Solve_Succeeded
750	PrimaryTumor_StageIIIA_751	14274	288.8332951068878	Solve_Succeeded
751	PrimaryTumor_StageIIB_752	14274	270.96096110343933	Solved_To_Acceptable_Level
752	PrimaryTumor_StageIIIA_753	14274	281.3473753929138	Solve_Succeeded
753	PrimaryTumor_StageIIA_754	14274	259.84439158439636	Solve_Succeeded
754	PrimaryTumor_StageIIB_755	14274	288.8735718727112	Solve_Succeeded
755	PrimaryTumor_StageIA_756	14274	256.5344157218933	Solve_Succeeded
756	PrimaryTumor_StageIIA_757	14274	275.8555865287781	Solve_Succeeded
757	PrimaryTumor_StageIIIC_758	14274	264.1067259311676	Solve_Succeeded
758	PrimaryTumor_StageIIB_759	14274	270.47335839271545	Solve_Succeeded
759	SolidTissueNormal_StageIIIA_760	14274	285.51072216033936	Solve_Succeeded
760	PrimaryTumor_StageIIB_761	14274	293.6390061378479	Solve_Succeeded
761	PrimaryTumor_StageIIIA_762	14274	276.86240100860596	Solve_Succeeded
762	PrimaryTumor_StageIIA_763	14274	298.16568517684937	Solved_To_Acceptable_Level
763	PrimaryTumor_StageIIA_764	14274	285.4589412212372	Solve_Succeeded
764	PrimaryTumor_StageIIB_765	14274	324.46529746055603	Solved_To_Acceptable_Level
765	PrimaryTumor_StageIIA_766	14274	288.1491205692291	Solve_Succeeded
766	PrimaryTumor_StageIIB_767	14274	268.7272946834564	Solve_Succeeded
767	PrimaryTumor_StageIIIA_768	14274	281.4274573326111	Solve_Succeeded
768	PrimaryTumor_StageI_769	14274	283.2029707431793	Solve_Succeeded
769	PrimaryTumor_StageNA_770	14274	273.35824155807495	Solve_Succeeded
770	PrimaryTumor_StageIIB_771	14274	279.98509073257446	Solve_Succeeded
771	PrimaryTumor_StageIA_772	14274	272.6261668205261	Solve_Succeeded
772	PrimaryTumor_StageIIIC_773	14274	282.41947865486145	Solve_Succeeded
773	PrimaryTumor_StageIIB_774	14274	299.5245327949524	Solved_To_Acceptable_Level
774	PrimaryTumor_StageIIA_775	14274	280.517560005188	Solve_Succeeded
775	PrimaryTumor_StageIIIA_776	14274	282.9351258277893	Solve_Succeeded
776	PrimaryTumor_StageI_777	14274	279.94940972328186	Solve_Succeeded
777	PrimaryTumor_StageIIIC_778	14274	284.7730679512024	Solve_Succeeded
778	PrimaryTumor_StageIIA_779	14274	288.6334664821625	Solve_Succeeded
779	PrimaryTumor_StageIIA_780	14274	314.1702980995178	Solve_Succeeded
780	PrimaryTumor_StageIV_781	14274	284.1483106613159	Solve_Succeeded
781	PrimaryTumor_StageIIB_782	14274	290.62991285324097	Solve_Succeeded
782	PrimaryTumor_StageIIB_783	14274	288.24214363098145	Solve_Succeeded
783	PrimaryTumor_StageIIA_784	14274	280.46377778053284	Solve_Succeeded
784	PrimaryTumor_StageI_785	14274	298.4604139328003	Solve_Succeeded
785	PrimaryTumor_StageIA_786	14274	275.3518896102905	Solve_Succeeded
786	PrimaryTumor_StageIIB_787	14274	282.927433013916	Solve_Succeeded
787	PrimaryTumor_StageIIA_788	14274	304.7521028518677	Solve_Succeeded
788	PrimaryTumor_StageIIB_789	14274	322.21137857437134	Solved_To_Acceptable_Level
789	PrimaryTumor_StageIV_790	14274	274.88616704940796	Solve_Succeeded
790	PrimaryTumor_StageIIIC_791	14274	282.13423252105713	Solve_Succeeded
791	PrimaryTumor_StageIIA_792	14274	280.8205542564392	Solve_Succeeded
792	PrimaryTumor_StageIIA_793	14274	312.98251152038574	Solved_To_Acceptable_Level
793	PrimaryTumor_StageIIIC_794	14274	280.96213245391846	Solve_Succeeded
794	PrimaryTumor_StageIIA_795	14274	272.72860765457153	Solve_Succeeded
795	PrimaryTumor_StageI_796	14274	290.6753420829773	Solve_Succeeded
796	PrimaryTumor_StageIIIC_797	14274	278.88551807403564	Solve_Succeeded
797	PrimaryTumor_StageIIB_798	14274	285.4100012779236	Solve_Succeeded
798	PrimaryTumor_StageIIB_799	14274	296.80900382995605	Solve_Succeeded
799	SolidTissueNormal_StageI_800	14274	291.6224675178528	Solved_To_Acceptable_Level
800	PrimaryTumor_StageIIB_801	14274	278.928551197052	Solve_Succeeded
801	PrimaryTumor_StageI_802	14274	285.17461347579956	Solve_Succeeded
802	PrimaryTumor_StageIIB_803	14274	280.19739389419556	Solve_Succeeded
803	PrimaryTumor_StageIIB_804	14274	296.7846794128418	Solve_Succeeded
804	PrimaryTumor_StageIIIA_805	14274	304.5498569011688	Solved_To_Acceptable_Level
805	PrimaryTumor_StageIIIC_806	14274	287.1684432029724	Solve_Succeeded
806	Metastatic_StageIIA_807	14274	284.8663716316223	Solve_Succeeded
807	PrimaryTumor_StageIIB_808	14274	285.51093006134033	Solve_Succeeded
808	PrimaryTumor_StageI_809	14274	300.304541349411	Solve_Succeeded
809	SolidTissueNormal_StageIIA_810	14274	312.23388838768005	Solved_To_Acceptable_Level
810	PrimaryTumor_StageIIB_811	14274	285.5784900188446	Solve_Succeeded
811	PrimaryTumor_StageI_812	14274	278.2854323387146	Solve_Succeeded
812	PrimaryTumor_StageIIB_813	14274	280.70775723457336	Solve_Succeeded
813	PrimaryTumor_StageIIA_814	14274	287.4684360027313	Solve_Succeeded
814	PrimaryTumor_StageIIA_815	14274	289.27865195274353	Solve_Succeeded
815	PrimaryTumor_StageIA_816	14274	292.5277087688446	Solve_Succeeded
816	PrimaryTumor_StageIIA_817	14274	287.6692316532135	Solve_Succeeded
817	PrimaryTumor_StageIIB_818	14274	304.19688868522644	Solve_Succeeded
818	SolidTissueNormal_StageIIB_819	14274	285.8159849643707	Solve_Succeeded
819	SolidTissueNormal_StageIIA_820	14274	292.54701471328735	Solve_Succeeded
820	PrimaryTumor_StageIIA_821	14274	283.23598051071167	Solve_Succeeded
821	PrimaryTumor_StageIIA_822	14274	280.6564910411835	Solve_Succeeded
822	PrimaryTumor_StageIIA_823	14274	285.190660238266	Solve_Succeeded
823	PrimaryTumor_StageIIA_824	14274	281.99725317955017	Solve_Succeeded
824	PrimaryTumor_StageI_825	14274	285.1583688259125	Solve_Succeeded
825	PrimaryTumor_StageIIA_826	14274	288.12801361083984	Solve_Succeeded
826	PrimaryTumor_StageIIB_827	14274	295.1792366504669	Solve_Succeeded
827	PrimaryTumor_StageIIA_828	14274	290.1979150772095	Solve_Succeeded
828	PrimaryTumor_StageIIA_829	14274	282.1327199935913	Solve_Succeeded
829	PrimaryTumor_StageI_830	14274	300.706414937973	Solve_Succeeded
830	PrimaryTumor_StageIIIC_831	14274	283.7280914783478	Solve_Succeeded
831	PrimaryTumor_StageIIA_832	14274	277.2238116264343	Solve_Succeeded
832	PrimaryTumor_StageIA_833	14274	292.39799666404724	Solve_Succeeded
833	PrimaryTumor_StageI_834	14274	285.95944833755493	Solve_Succeeded
834	PrimaryTumor_StageIIB_835	14274	316.8240921497345	Solve_Succeeded
835	PrimaryTumor_StageIIA_836	14274	288.72566962242126	Solve_Succeeded
836	PrimaryTumor_StageIIIA_837	14274	282.0449447631836	Solve_Succeeded
837	PrimaryTumor_StageIIA_838	14274	288.72845554351807	Solve_Succeeded
838	SolidTissueNormal_StageI_839	14274	283.7839596271515	Solve_Succeeded
839	PrimaryTumor_StageIIB_840	14274	297.2355968952179	Solve_Succeeded
840	PrimaryTumor_StageIIA_841	14274	314.99266171455383	Solved_To_Acceptable_Level
841	PrimaryTumor_StageIIA_842	14274	274.9122235774994	Solve_Succeeded
842	PrimaryTumor_StageIIIA_843	14274	295.8518030643463	Solve_Succeeded
843	PrimaryTumor_StageI_844	14274	303.4785931110382	Solve_Succeeded
844	PrimaryTumor_StageIV_845	14274	284.19709634780884	Solve_Succeeded
845	PrimaryTumor_StageIA_846	14274	287.8214292526245	Solve_Succeeded
846	PrimaryTumor_StageIIIC_847	14274	286.39063143730164	Solve_Succeeded
847	PrimaryTumor_StageIIA_848	14274	282.1566331386566	Solve_Succeeded
848	PrimaryTumor_StageIIA_849	14274	287.6604070663452	Solve_Succeeded
849	SolidTissueNormal_StageI_850	14274	257.6204686164856	Solve_Succeeded
850	PrimaryTumor_StageIIIA_851	14274	257.36029601097107	Solve_Succeeded
851	PrimaryTumor_StageIIIA_852	14274	277.351176738739	Solve_Succeeded
852	PrimaryTumor_StageIIA_853	14274	259.1156449317932	Solve_Succeeded
853	PrimaryTumor_StageIIA_854	14274	266.0436522960663	Solve_Succeeded
854	PrimaryTumor_StageIIA_855	14274	260.77326250076294	Solve_Succeeded
855	PrimaryTumor_StageI_856	14274	259.186870098114	Solve_Succeeded
856	PrimaryTumor_StageIIB_857	14274	259.64862036705017	Solve_Succeeded
857	PrimaryTumor_StageIIA_858	14274	263.08832359313965	Solve_Succeeded
858	PrimaryTumor_StageIIIC_859	14274	282.56665873527527	Solve_Succeeded
859	PrimaryTumor_StageI_860	14274	259.26766300201416	Solve_Succeeded
860	PrimaryTumor_StageIIB_861	14274	277.16184854507446	Solve_Succeeded
861	PrimaryTumor_StageIIB_862	14274	252.8603036403656	Solve_Succeeded
862	PrimaryTumor_StageIA_863	14274	268.73307156562805	Solve_Succeeded
863	PrimaryTumor_StageIIA_864	14274	260.29440212249756	Solve_Succeeded
864	SolidTissueNormal_StageIIIA_865	14274	254.40050292015076	Solve_Succeeded
865	PrimaryTumor_StageIIA_866	14274	272.3273437023163	Solved_To_Acceptable_Level
866	PrimaryTumor_StageIIA_867	14274	258.6560492515564	Solve_Succeeded
867	PrimaryTumor_StageIIIA_868	14274	259.62612986564636	Solve_Succeeded
868	PrimaryTumor_StageIIA_869	14274	260.37521958351135	Solve_Succeeded
869	PrimaryTumor_StageI_870	14274	256.66383719444275	Solve_Succeeded
870	PrimaryTumor_StageIIA_871	14274	287.75093722343445	Solve_Succeeded
871	PrimaryTumor_StageNA_872	14274	273.5186550617218	Solve_Succeeded
872	PrimaryTumor_StageIIB_873	14274	278.62695837020874	Solve_Succeeded
873	PrimaryTumor_StageIIB_874	14274	254.45254564285278	Solve_Succeeded
874	PrimaryTumor_StageIIB_875	14274	257.180223941803	Solve_Succeeded
875	PrimaryTumor_StageIIIC_876	14274	255.17085146903992	Solve_Succeeded
876	SolidTissueNormal_StageIIB_877	14274	273.5506398677826	Solve_Succeeded
877	PrimaryTumor_StageIIA_878	14274	260.70667910575867	Solve_Succeeded
878	PrimaryTumor_StageIIA_879	14274	261.51483488082886	Solve_Succeeded
879	PrimaryTumor_StageIIIB_880	14274	259.52982926368713	Solve_Succeeded
880	PrimaryTumor_StageIIB_881	14274	275.1269624233246	Solve_Succeeded
881	PrimaryTumor_StageIIIA_882	14274	261.67003297805786	Solve_Succeeded
882	PrimaryTumor_StageIIB_883	14274	254.8830111026764	Solve_Succeeded
883	PrimaryTumor_StageIIA_884	14274	261.672500371933	Solve_Succeeded
884	PrimaryTumor_StageIIIA_885	14274	268.16752457618713	Solve_Succeeded
885	PrimaryTumor_StageIIB_886	14274	264.42062044143677	Solve_Succeeded
886	PrimaryTumor_StageIIIB_887	14274	242.70428609848022	Solve_Succeeded
887	PrimaryTumor_StageI_888	14274	258.50557136535645	Solve_Succeeded
888	PrimaryTumor_StageIV_889	14274	256.8547215461731	Solve_Succeeded
889	PrimaryTumor_StageIIA_890	14274	257.8493206501007	Solve_Succeeded
890	PrimaryTumor_StageIIB_891	14274	284.34529876708984	Solve_Succeeded
891	PrimaryTumor_StageIIA_892	14274	267.691547870636	Solve_Succeeded
892	PrimaryTumor_StageIIIC_893	14274	262.94039821624756	Solve_Succeeded
893	PrimaryTumor_StageIIA_894	14274	281.9910113811493	Solve_Succeeded
894	PrimaryTumor_StageI_895	14274	270.6407597064972	Solve_Succeeded
895	PrimaryTumor_StageIIIC_896	14274	274.72352170944214	Solve_Succeeded
896	PrimaryTumor_StageIIB_897	14274	281.6669433116913	Solve_Succeeded
897	SolidTissueNormal_StageIIB_898	14274	306.852246761322	Solve_Succeeded
898	PrimaryTumor_StageIIIA_899	14274	296.3863546848297	Solve_Succeeded
899	PrimaryTumor_StageIIIA_900	14274	282.89263820648193	Solve_Succeeded
900	PrimaryTumor_StageIA_901	14274	273.50638151168823	Solve_Succeeded
901	PrimaryTumor_StageIIA_902	14274	246.78844594955444	Solve_Succeeded
902	PrimaryTumor_StageI_903	14274	255.7206482887268	Solve_Succeeded
903	PrimaryTumor_StageIIB_904	14274	255.6198616027832	Solve_Succeeded
904	PrimaryTumor_StageNA_905	14274	248.46451902389526	Solve_Succeeded
905	PrimaryTumor_StageIIIA_906	14274	278.1301062107086	Solve_Succeeded
906	PrimaryTumor_StageIIB_907	14274	250.8654978275299	Solve_Succeeded
907	PrimaryTumor_StageIIIC_908	14274	281.23966455459595	Solve_Succeeded
908	PrimaryTumor_StageNA_909	14274	254.17893195152283	Solve_Succeeded
909	PrimaryTumor_StageIV_910	14274	263.5488181114197	Solve_Succeeded
910	SolidTissueNormal_StageIIB_911	14274	255.02573895454407	Solve_Succeeded
911	PrimaryTumor_StageI_912	14274	277.4340147972107	Solve_Succeeded
912	PrimaryTumor_StageIIA_913	14274	270.8422989845276	Solve_Succeeded
913	PrimaryTumor_StageIIB_914	14274	255.62999439239502	Solve_Succeeded
914	SolidTissueNormal_StageIIIA_915	14274	260.32479548454285	Solve_Succeeded
915	PrimaryTumor_StageIIB_916	14274	264.1034688949585	Solve_Succeeded
916	PrimaryTumor_StageIA_917	14274	286.9349660873413	Solved_To_Acceptable_Level
917	PrimaryTumor_StageIIA_918	14274	301.9638464450836	Maximum_Iterations_Exceeded
918	PrimaryTumor_StageIIA_919	14274	275.7828001976013	Solve_Succeeded
919	SolidTissueNormal_StageIIIA_920	14274	272.90006160736084	Solve_Succeeded
920	PrimaryTumor_StageIIA_921	14274	258.3327646255493	Solve_Succeeded
921	PrimaryTumor_StageIIIA_922	14274	258.70142436027527	Solve_Succeeded
922	PrimaryTumor_StageIIB_923	14274	261.9097812175751	Solve_Succeeded
923	PrimaryTumor_StageIIIA_924	14274	256.6344859600067	Solve_Succeeded
924	PrimaryTumor_StageIIB_925	14274	254.59394192695618	Solve_Succeeded
925	PrimaryTumor_StageIV_926	14274	263.8191864490509	Solve_Succeeded
926	PrimaryTumor_StageIIA_927	14274	259.28481912612915	Solve_Succeeded
927	PrimaryTumor_StageIIA_928	14274	276.9124608039856	Solve_Succeeded
928	PrimaryTumor_StageIIB_929	14274	251.3761065006256	Solve_Succeeded
929	PrimaryTumor_StageI_930	14274	261.15607237815857	Solve_Succeeded
930	PrimaryTumor_StageIIB_931	14274	266.98747396469116	Solve_Succeeded
931	PrimaryTumor_StageIIB_932	14274	260.09132194519043	Solve_Succeeded
932	PrimaryTumor_StageIIA_933	14274	261.244017124176	Solve_Succeeded
933	PrimaryTumor_StageIIB_934	14274	262.84283566474915	Solve_Succeeded
934	PrimaryTumor_StageIIIB_935	14274	286.3079524040222	Solve_Succeeded
935	Metastatic_StageIIIC_936	14274	265.5911202430725	Solve_Succeeded
936	PrimaryTumor_StageIIIA_937	14274	264.08931279182434	Solve_Succeeded
937	SolidTissueNormal_StageIIA_938	14274	267.62904143333435	Solve_Succeeded
938	PrimaryTumor_StageIIA_939	14274	256.1036250591278	Solve_Succeeded
939	PrimaryTumor_StageIIB_940	14274	262.12044882774353	Solve_Succeeded
940	PrimaryTumor_StageIIA_941	14274	262.27670335769653	Solve_Succeeded
941	SolidTissueNormal_StageI_942	14274	269.812185049057	Solve_Succeeded
942	PrimaryTumor_StageIIB_943	14274	252.93353056907654	Solve_Succeeded
943	PrimaryTumor_StageI_944	14274	257.1356792449951	Solve_Succeeded
944	PrimaryTumor_StageIIB_945	14274	256.23237776756287	Solve_Succeeded
945	PrimaryTumor_StageIIA_946	14274	273.5609972476959	Solve_Succeeded
946	PrimaryTumor_StageIA_947	14274	259.3591663837433	Solve_Succeeded
947	SolidTissueNormal_StageIIB_948	14274	261.0474214553833	Solve_Succeeded
948	PrimaryTumor_StageIIIB_949	14274	246.80513453483582	Solve_Succeeded
949	PrimaryTumor_StageIIIA_950	14274	241.22203183174133	Solve_Succeeded
950	PrimaryTumor_StageIIB_951	14274	255.36605525016785	Solve_Succeeded
951	PrimaryTumor_StageI_952	14274	263.6603546142578	Solve_Succeeded
952	SolidTissueNormal_StageI_953	14274	239.68458795547485	Solve_Succeeded
953	PrimaryTumor_StageIIA_954	14274	259.75721192359924	Solve_Succeeded
954	PrimaryTumor_StageIIA_955	14274	248.95489239692688	Solved_To_Acceptable_Level
955	PrimaryTumor_StageIA_956	14274	252.44312143325806	Solve_Succeeded
956	PrimaryTumor_StageX_957	14274	244.18272495269775	Solve_Succeeded
957	PrimaryTumor_StageIIIA_958	14274	250.91801190376282	Solve_Succeeded
958	PrimaryTumor_StageIV_959	14274	259.5915563106537	Solve_Succeeded
959	PrimaryTumor_StageIIA_960	14274	248.84578037261963	Solve_Succeeded
960	PrimaryTumor_StageIIA_961	14274	264.3863945007324	Solve_Succeeded
961	PrimaryTumor_StageIIA_962	14274	255.61279892921448	Solve_Succeeded
962	PrimaryTumor_StageX_963	14274	247.91420531272888	Solve_Succeeded
963	PrimaryTumor_StageIIIA_964	14274	245.24203491210938	Solve_Succeeded
964	PrimaryTumor_StageIIIA_965	14274	261.20528292655945	Solve_Succeeded
965	PrimaryTumor_StageIIB_966	14274	282.85788226127625	Solved_To_Acceptable_Level
966	SolidTissueNormal_StageIIB_967	14274	274.3913543224335	Solved_To_Acceptable_Level
967	PrimaryTumor_StageIIA_968	14274	248.3460087776184	Solve_Succeeded
968	PrimaryTumor_StageIIA_969	14274	276.0021631717682	Solve_Succeeded
969	PrimaryTumor_StageIIIA_970	14274	242.84107518196106	Solve_Succeeded
970	PrimaryTumor_StageIIIA_971	14274	256.2002623081207	Solve_Succeeded
971	SolidTissueNormal_StageIA_972	14274	241.0606508255005	Solve_Succeeded
972	PrimaryTumor_StageI_973	14274	241.06813144683838	Solve_Succeeded
973	PrimaryTumor_StageIIA_974	14274	251.50100827217102	Solve_Succeeded
974	SolidTissueNormal_StageI_975	14274	254.61467838287354	Solve_Succeeded
975	PrimaryTumor_StageIIA_976	14274	273.7786545753479	Solve_Succeeded
976	SolidTissueNormal_StageIIB_977	14274	248.5908281803131	Solved_To_Acceptable_Level
977	PrimaryTumor_StageIIA_978	14274	243.94457125663757	Solve_Succeeded
978	PrimaryTumor_StageIIA_979	14274	270.5460171699524	Solve_Succeeded
979	PrimaryTumor_StageI_980	14274	249.5318751335144	Solve_Succeeded
980	PrimaryTumor_StageIIIA_981	14274	247.5178816318512	Solve_Succeeded
981	SolidTissueNormal_StageIIIA_982	14274	249.4290690422058	Solve_Succeeded
982	PrimaryTumor_StageX_983	14274	244.99683356285095	Solve_Succeeded
983	SolidTissueNormal_StageIIA_984	14274	253.08662581443787	Solve_Succeeded
984	PrimaryTumor_StageIIB_985	14274	252.8227994441986	Solve_Succeeded
985	SolidTissueNormal_StageI_986	14274	249.9223792552948	Solve_Succeeded
986	PrimaryTumor_StageIIB_987	14274	257.7540776729584	Solve_Succeeded
987	PrimaryTumor_StageIIB_988	14274	249.67898535728455	Solve_Succeeded
988	PrimaryTumor_StageIIA_989	14274	242.64177322387695	Solve_Succeeded
989	PrimaryTumor_StageIIA_990	14274	246.74528765678406	Solve_Succeeded
990	PrimaryTumor_StageI_991	14274	239.64113855361938	Solve_Succeeded
991	PrimaryTumor_StageIIA_992	14274	249.184006690979	Solve_Succeeded
992	PrimaryTumor_StageIIIC_993	14274	271.9488410949707	Solved_To_Acceptable_Level
993	PrimaryTumor_StageIIIB_994	14274	248.44804692268372	Solve_Succeeded
994	PrimaryTumor_StageIIB_995	14274	240.40788221359253	Solve_Succeeded
995	PrimaryTumor_StageIIIC_996	14274	250.31672501564026	Solve_Succeeded
996	PrimaryTumor_StageIIIA_997	14274	238.61725640296936	Solve_Succeeded
997	PrimaryTumor_StageIA_998	14274	248.6459994316101	Solve_Succeeded
998	PrimaryTumor_StageIIB_999	14274	250.80602860450745	Solve_Succeeded
999	PrimaryTumor_StageIIB_1000	14274	258.0901515483856	Solve_Succeeded
